<Toolbars>
	<Toolbar Name="_tbstandard_form">
		<Separators>
			<Separator ItemBefore="gui-print" ItemAfter="cut" Size="1"/>
			<Separator ItemBefore="select-code-block" ItemAfter="undo" Size="1"/>
			<Separator ItemBefore="forward" ItemAfter="gui-find" Size="1"/>
			<Separator ItemBefore="gui-replace" ItemAfter="fullscreen" Size="1"/>
		</Separators>
		<Duplicates>
			<Duplicate Command="history-diff-machine-file" Action="3" Message="List Backup History for Current File" Prev="history-diff-machine-file" Next="gui-print" Picture="bbsave_history.svg" Type="0"/>
		</Duplicates>
	</Toolbar>
	<Toolbar Name="_tbtagging_form">
		<Duplicates>
			<Duplicate Command="push-alttag" Action="3" Message="Go to Declaration" Prev="push-alttag" Next="pop-bookmark" Picture="bbpush_decl.svg" Type="0"/>
		</Duplicates>
	</Toolbar>
	<Toolbar Name="_tbandroid_form">
		<Modifications>
			<Modification Command="android_avd_manager" Action="0" Message="Launch Android Virtual Device Manager" Prev="FIRST_ITEM" Next="android_sdk_manager" Picture="bbandroid_avd.svg" Type="0"/>
			<Modification Command="android_sdk_manager" Action="0" Message="Launch Android SDK Manager" Prev="android_avd_manager" Next="android-avd-manager" Picture="bbandroid_sdk.svg" Type="0"/>
			<Modification Command="android_ddms" Action="0" Message="Launch DDMS (Dalvik Debug Monitor)" Prev="android-ddms" Next="LAST_ITEM" Picture="bbandroid_ddms.svg" Type="0"/>
		</Modifications>
		<Duplicates/>
	</Toolbar>
	<Toolbar Name="_tbdebugbb_form">
		<Modifications>
			<Modification Command="project_debug" Action="2" Message="Starts program in debugger" Type="0"/>
			<Modification Command="debug_restart" Action="1"/>
			<Modification Command="debug_step_into" Action="1"/>
			<Modification Command="debug_run_to_cursor" Action="1"/>
			<Modification Command="project-compile" Action="0" Message="Run the Compile Command for the Current Project" Prev="FIRST_ITEM" Next="project-build" Picture="bbcompile.svg" Type="0"/>
			<Modification Command="project-build" Action="0" Message="Run the Build Command for the Current Project" Prev="project-compile" Next="project-execute" Picture="bbmake.svg" Type="0"/>
			<Modification Command="project-execute" Action="0" Message="Run the Execute Command in the Current Project" Prev="project-build" Next="debug-restart" Picture="bbexecute.svg" Type="0"/>
			<Modification Command="debug-restart" Action="0" Message="Starts program in debugger" Prev="project-execute" Next="project_debug" Picture="bbdebug_restart.svg" Type="0"/>
			<Modification Command="debug-step-into" Action="0" Message="Starts program in debugger and steps into code" Prev="debug_show_next_statement" Next="debug_step_over" Picture="bbdebug_step_into.svg" Type="0"/>
			<Modification Command="debug-run-to-cursor" Action="0" Message="Starts program in debugger and runs until line cursor is on" Prev="debug_step_instr" Next="debug_toggle_breakpoint" Picture="bbdebug_run_to_cursor.svg" Type="0"/>
		</Modifications>
		<Separators>
			<Separator ItemBefore="debug_stop" ItemAfter="debug_show_next_statement" Size="1"/>
			<Separator ItemBefore="debug-run-to-cursor" ItemAfter="debug_toggle_breakpoint" Size="1"/>
			<Separator ItemBefore="debug_breakpoints" ItemAfter="debug_add_watch" Size="1"/>
		</Separators>
		<Duplicates/>
	</Toolbar>
</Toolbars>
